S.no,Table name,Table Desc
1,DIMACCOUNTBEHAVIOR,"The DIMACCOUNTBEHAVIOUR dimensional table captures key information regarding account balances and associated classifications. It categorizes account balances into distinct segments based on predefined criteria, facilitating targeted analysis and reporting. The table provides detailed descriptions of balance segments, active balance indicators, credit limit utilization segments, and relevant flags, enabling stakeholders to understand account status, manage risk, and ensure compliance with credit policies for effective decision-making and operational oversight."
2,DIMACCOUNTINFO,"The table outlines the structure of the ""DIMACCOUNTINFO"" database, detailing each column’s purpose and data type. ""PERIODID"" is a six-digit number in the YYYYMM format, identifying the specific time period. ""JOINTACCOUNTFLAGEY"" serves as a unique identifier for each joint account flag record, distinguishing different joint account types. ""JOINTACCOUNTFLAG"" is a single character indicating whether an account is joint (""Y"" for Yes, ""N"" for No). ""JOINTACCOUNTFLAGDESCRIPTION"" provides a detailed description of account ownership status, such as whether the account is jointly held, owned by a single individual, or marked as missing/unknown."
3,DIMBALANCE,"This table captures key information regarding account balances and associated classifications. It categorizes account balances into distinct segments based on predefined criteria, facilitating targeted analysis and reporting. The segmentation enables organizations to classify balances into groups that support performance assessment across various account categories. Additionally, the table provides detailed narratives explaining the criteria and implications of each balance segment, ensuring clarity in interpretation. It also offers comprehensive descriptions of active balance indicators, credit limit utilization segments, and relevant flags, aiding stakeholders in understanding account status, risk management, and compliance with credit policies for effective decision-making and operational oversight."
4,DIMBALANCETRANSFER,"This table provides essential details for managing balance transfer records within the database. The ""PERIODID"" is a six-digit number in the YYYYMM format, uniquely identifying each period. The ""BALANCETRANSFERKEY"" serves as a unique identifier for each balance transfer record, facilitating precise tracking and management of transfers. The ""BTFLAG"" is a binary indicator that reflects the status of a balance transfer, with values such as ""Y"" for Yes (transfer occurred) or ""N"" for No (no transfer). The ""BTFLAGDESCRIPTION"" offers a detailed explanation of the transfer flag, clarifying its implications and supporting accurate interpretation of account activity and financial status."
5,DIMCHARGEOFF,"This table provides detailed descriptions of key data fields related to account management and charge-off activities. It explains the purpose of each column, such as ""DIMCHARGEOFF,"" which serves as a unique identifier for charge-off records, crucial for tracking individual charge-offs and facilitating efficient data management. The ""CHARGEOFFKEY"" uniquely identifies each charge-off event, enabling precise record-keeping. The ""PERIODID"" indicates the specific period in YYYYMM format, helping to analyze account activity over time. Overall, these descriptions aid in understanding the structure, significance, and application of each data element within the database for effective analysis and decision-making."
6,DIMCREDITLIMITINFORMATION,"This table contains information about credit limits for accounts, identified by a unique period key (DIMCREDITLIMITINFORMATION). It categorizes credit limits into segments (CREDITLIMITINFORMATIONKEY and CREDITLIMITSEGMENT) with detailed descriptions to aid analysis. The CLDFLAG indicates whether an account has a credit limit decrease flag, with accompanying descriptions explaining its significance. The CREDITLIMITSEGMENTDESCRIPTION and CLDFLAGDESCRIPTION provide detailed contextual information about each segment and flag status. Overall, this table supports credit risk management by offering segmented, descriptive data on credit limits, enabling better monitoring and decision-making regarding account credit exposure."
7,DIMDECILE,"This table records classification data related to profit deciles and revenue segments. It includes a unique period identifier (DIMCREDITLIMITINFORMATION), segment keys (DECILEKEY, PROFITDECILESEGMENT, REVENUEDECILESEGMENT), and descriptive texts explaining each segment's criteria (PROFITDECILESEGMENTSDESCRIPTION and REVENUEDECILESEGMENTSDESCRIPTION). The profit decile classification groups entities based on profit levels, facilitating profitability trend analysis across segments. Revenue segments categorize entities by revenue levels, enabling revenue distribution assessment and performance comparison. Descriptions provide context, defining the segments and guiding interpretation of revenue and profit-related data within each period for analytical purposes."
8,DIMDELINQUENCY,"This table captures detailed information about account delinquency classification and tracking over time. It includes a unique period identifier (PERIODID) formatted as a 6-digit number (YYYYMM), enabling period-specific analysis. The DELINQUENCYKEY serves as a unique identifier for each delinquency record, essential for tracking and management. The CURRENTDELINQUENCYBUCKET categorizes accounts based on their current delinquency status, such as overdue periods (e.g., 30, 60, 90 days), facilitating monitoring and risk assessment. The CURRENTDELINQUENCYBUCKETDES provides descriptive labels for these buckets, explaining their criteria and helping stakeholders understand the severity of delinquency. PREVIOUSDELINQUENCYBUCKET and its description track changes over time, showing how account status has evolved, aiding trend analysis and strategic decision-making."
9,DIMEXTERNALSTATUS,"This table captures account delinquency and external status information over time. PERIODID identifies the specific period (YYYYMM), enabling trend analysis. DELINQUENCYKEY uniquely tracks each delinquency record, while CURRENTDELINQUENCYBUCKET categorizes accounts by their current overdue status (e.g., 30, 60, 90 days), with descriptions clarifying these categories. PREVIOUSDELINQUENCYBUCKET and its description track changes in account status over time, aiding trend detection. DIMEXTERNALSTATUS, along with EXTERNAL_STATUS and EXTERNAL_STATUS_VALUE, provides external classification details, offering insights into external risk factors influencing accounts."
10,DIMFEEINFORMATION,"This dataset contains detailed information about account statuses and fees over specific periods. It includes unique identifiers for each record, such as period ID and record number, to track data accurately. Flags indicate various fee conditions, such as whether a fee is applicable, charged for cash advances, or related to non-sufficient funds, helping manage risk and compliance. Descriptions provide context for each flag, explaining their significance in assessing account behavior, fee applicability, and financial implications. This comprehensive information supports effective account management, fraud prevention, and strategic decision-making by offering clear insights into fee conditions and account status changes over time."
11,DIMGEOGRAPHY,"This table contains geographic and regional information essential for spatial analysis and reporting. The PERIODID field, a 6-digit number in YYYYMM format, identifies the specific period for each record, enabling trend analysis over time. The GEOGRAPHYKEY serves as a unique identifier for each geographic record, facilitating linkage with other datasets. The STATECODE, STATENAME, REGIONCODE, REGIONNAME, COUNTRYCODE, COUNTRYNAME, and DIVISION fields provide detailed classifications of geographic areas, including state, region, country, and division information. These fields support regional and global analysis, helping organizations understand geographic distributions and regional trends effectively."
12,DIMGROUPINGMCC,"The DIMGROUPINGMCC table is a well-structured dataset designed to effectively manage and categorize Merchant Category Codes (MCCs). Each entry in the table is uniquely identified by the MCC_ID, which serves as a primary key for transaction categorization based on merchant types. The MCC_NUMBER field specifies the number associated with each MCC, facilitating the identification of merchant categories for transaction analysis.

The MCC_NAME column provides a descriptive label for each category, enhancing the understanding of the types of merchants included. To further organize these categories, the MCC_GROUP and MCC_SUB_GROUP fields classify MCCs into broader and more specific classifications, respectively, allowing for detailed analysis of merchant behaviors and trends.

Additionally, the MCC_RISK_INDICATOR field indicates the risk level associated with each MCC, which is crucial for assessing transaction risks. The MCC_PATH_FINDER serves as a path-finding identifier, aiding in categorization during transaction processing.

To ensure data integrity, the MODIFIED_DATE field tracks the last modification date of each record, while the COMMENTS field allows for additional notes. The DATE field captures various timestamps related to the MCC record, ensuring comprehensive tracking of changes and updates. Overall, this table is essential for effective transaction categorization, risk assessment, and data management within financial systems."
13,DIMMONTHENDDELINQUENCY,"The DIMMONTHENDDELINQUENCY table is designed to track and categorize month-end delinquency statuses for accounts. Each record is identified by the PERIODID, a six-digit number formatted as YYYYMM, which specifies the period of assessment. The MONTHENDDELINQUENCYKEY serves as a unique identifier for each month-end delinquency record, essential for monitoring delinquency trends over time.

The CURRENTDELINQUENCYBUCKET field represents the key for the current month-end delinquency classification, categorizing accounts based on their delinquency status. Accompanying this, the CURRENTDELINQUENCYBUCKETDESCRIPTION provides a detailed description of the account's current classification, indicating how overdue the account is.

Additionally, the PREVIOUSDELINQUENCYBUCKET field offers context by describing the account's previous delinquency status, while the PREVIOUSDELINQUENCYBUCKETDESCRIPTION captures the prior classification, allowing stakeholders to track changes in delinquency over time. This table is crucial for effective delinquency management, enabling organizations to assess risk, monitor account statuses, and implement appropriate interventions based on delinquency trends."
14,DIMMONTHSONBOOKS,"The DIMMONTHSONBOOKS table is designed to track the duration that accounts have been active or ""on the books."" Each record is uniquely identified by the PERIODID, a six-digit number formatted as YYYYMM, which specifies the assessment period. The MONTHSONBOOKSKEY serves as a unique identifier for each month-on-books record, essential for monitoring account longevity. The MONTHSONBOOKSDESCRIPTION provides context for the month-on-books classification, detailing its significance for account management and performance analysis. This description helps stakeholders understand the implications of account age on financial metrics. Additionally, the LOAD_DATE field captures the system date when the data was loaded, ensuring that the information is current. The LOADED_BY field records the user ID of the person responsible for loading the data, which is crucial for accountability and data integrity. Overall, this table is vital for analyzing account performance over time and making informed decisions regarding account management strategies."
15,DIMNEWACCOUNT,"The DIMNEWACCOUNT table is focused on tracking newly opened accounts within a specified period. Each record is identified by the PERIODID, a six-digit number formatted as YYYYMM, which indicates the assessment period for new accounts. The NEWACCOUNTKEY serves as a unique identifier for each new account record, facilitating the tracking of account openings. The NEWACCOUNTSEGMENT classifies new accounts based on specific criteria, such as account type or customer segment, allowing for targeted analysis of trends among newly opened accounts. The NEWACCOUNTSEGMENTDESCRIPTION provides clarity on the criteria used for classification, enhancing understanding of the account types being analyzed. Additionally, the LOAD_DATE field captures the system date when the data was loaded, while the LOADED_BY field records the user ID of the person responsible for loading the data. This table is essential for understanding account growth and customer acquisition strategies over time."
16,DIMOPENPERIOD,"The DIMOPENPERIOD dimensional table uses OPENPERIODKEY as the key column to uniquely track account active periods. It records the assessment period (YYYYMM), year and month segments with descriptions, activation status, and data load details to support account age analysis and performance monitoring."
17,DIMORIGINALCREDITLIMITINFORMATION,"The DIMNEWACCOUNT dimensional table uses NEWACCOUNTKEY as the unique identifier and PERIODID (YYYYMM) to track newly opened accounts within specific periods. It includes account classifications, descriptive segments, and data load details to support analysis of account growth and customer acquisition trends."
18,DIMORIGINATIONCHANNEL,The DIMORIGINATIONCHANNEL dimensional table uses ORIGINATIONCHANNELKEY as the unique identifier and PERIODID (YYYYMM) to track account origination sources. It includes channel descriptions and data load details to help analyze and evaluate account acquisition strategies and customer preferences.
19,DIMORIGINATIONCHARACTERISTICS,"The DIMORIGINATIONCHARACTERISTICS table tracks specific traits associated with account origination, providing insights into the characteristics of newly opened accounts. Each record is uniquely identified by the ORIGINATIONCHARACTERISTICSKEY, which serves as a unique identifier for each record. The PERIODID, formatted as a six-digit number (YYYYMM), specifies the assessment period for the origination data. The table includes fields that represent the channel through which an account was originated, such as ORIGINATIONCHANNEL, and the quarter and year of origination, represented by ORIGINATIONQUARTER and ORIGINATIONYEAR, respectively. These fields are essential for analyzing seasonal trends and long-term growth in account openings. The ORIGINATIONCHANNELDESCRIPTION, ORIGINATIONQUARTERDESCRIPTION, and ORIGINATIONYEARDESCRIPTION provide context for these classifications, enhancing understanding of how accounts are categorized based on their acquisition method and timing. Additionally, the LOAD_DATE and LOADED_BY fields ensure data integrity by capturing the date of data loading and the user responsible for it. This table is crucial for evaluating account growth and acquisition strategies."
20,DIMPATHFINDERMCC,"The DIMPATHFINDERMCC table is designed to categorize transactions based on Merchant Category Codes (MCCs), which are essential for understanding merchant types and transaction behaviors. Each record is uniquely identified by the MCC_PATHFINDER_ID, which serves as a key for categorizing transactions. The MCC_ID links each record to a specific Merchant Category Code, while the MCC_NUMBER represents the number associated with the MCC, facilitating transaction analysis. The MCC_NAME provides a descriptive label for the category, enhancing understanding of the types of merchants included. Additionally, the MCC_GROUP and MCC_SUB_GROUP fields classify MCCs into broader and more specific categories, respectively, allowing for detailed analysis of merchant behaviors. The MCC_RISK_INDICATOR indicates the risk level associated with each MCC, which is crucial for assessing transaction risks. The MCC_PATH_FINDER serves as a path-finding identifier for categorization or routing purposes. The MODIFIED_DATE tracks the last modification date of each record, while the COMMENTS field allows for additional notes. This table is vital for effective transaction categorization and risk assessment."
21,DIMPAYMATIXMCC,"The DIMPAYMATIXMCC dimensional table uses MCC_ID as the key column to uniquely identify each merchant category. It organizes merchant types with codes, names, risk levels, and other details to help classify and analyze transactions easily."
22,DIMPAYMENTBEHAVIOR,"Dim table with key column PAYMENTBEHAVIORKEY. Tracks customer payment patterns over time to support risk assessment and targeted financial strategies using PAYMENTBEHAVIORSEGMENTDESCRIPTION, PAYMENTACTIVEFLAGDESCRIPTION."
23,DIMPRICING_CR_INTERESTTYPE,"The DIMPRICING_CR_INTERESTTYPE table stores information about interest rate classifications and their related pricing structures. It includes PRICINGKEY as a unique identifier, with INTERESTTYPESEGMENT and INTERESTTYPESEGMENTDESCRIPTION defining types of interest rates. Retail-related details are captured in RETAILAPRSEGMENT and RETAILAPRSEGMENTDESCRIPTION, while cash advance details are stored in CASHAPRSEGMENT and CASHAPRSEGMENTDESCRIPTION. Audit information is maintained in LOAD_DATE (system load timestamp) and LOADED_BY (user/system responsible for loading data). Overall, this table supports analysis of interest rate impacts across retail and cash products with clear audit traceability."
24,DIMPRODUCT,Dim table of Star schema with key ProductKey as Key column. Contains key attributes of financial products for analysis and segmentation.
25,DIMPRODUCT_CR,"Dim Table of Star Schema  with PRODUCTKEY as Key Column. Stores product details for classification, analysis, reporting, and audit tracking."
26,DIMPROFITSEGMENT,"The DIMPROFITSEGMENT table stores profit segmentation details to support financial performance tracking and analysis. It includes PERIODID for reporting periods, PROFITSEGMENTKEY as a unique identifier, and PROFITSEGMENT/PROFITSEGMENTDESCRIPTION for classification and context of profit levels. These fields help assess profitability trends across different business segments. Audit details are maintained in LOAD_DATE (data load timestamp) and LOADED_BY (user/system responsible for loading data). Overall, the table provides a structured view of profit segments while ensuring traceability and audit compliance."
27,DIMPURCHASEBEHAVIOR,"The DIMPURCHASEBEHAVIOR table stores customer purchase behavior details to support segmentation, engagement tracking, and financial analysis. It includes PERIODID for reporting periods and PURCHASEBEHAVIORKEY as a unique identifier, along with segmentation fields such as PURCHASEVOLUMESEGMENT, CASHADVANCEVOLUMESEGMENT, BTVOLUMESEGMENT, and their corresponding descriptions. Customer activity is tracked through flags like PURCHASEACTIVEFLAG, CASHADVANCEACTIVEFLAG, BTACTIVEFLAG, and DEBITACTIVEFLAG, with descriptive fields providing business context. These attributes enable analysis of purchasing patterns, cash advances, balance transfers, and debit usage for customer engagement insights. Audit details such as LOAD_DATE (data load timestamp) and LOADED_BY (user/system loader) ensure traceability and accountability."
28,DIMPURCHASEBEHAVIOR_CR,"The DIMPURCHASEBEHAVIOR_CR table captures customer purchase behavior details for segmentation, activity tracking, and analysis. It includes PERIODID for reporting periods and PURCHASEBEHAVIORKEY as a unique identifier, with segmentation fields such as PURCHASEVOLUMESEGMENT, CASHADVANCEVOLUMESEGMENT, BTVOLUMESEGMENT, and their descriptions. Customer engagement is tracked using activity flags like PURCHASEACTIVEFLAG, CASHADVANCEACTIVEFLAG, BTACTIVEFLAG, and DEBITACTIVEFLAG, along with descriptive fields for business context. The table also contains BTFLAG and BTFLAGDESCRIPTION to indicate availability and applicability of balance transfer features. Audit fields LOAD_DATE (timestamp of data load) and LOADED_BY (user/system loader) provide traceability and accountability."
29,DIMRAWPRODUCT,"The DIMRAWPRODUCT table captures product, service, financial, and operational details required for business reporting and analysis. It contains PERIODID for reporting periods and SPAKEY as a unique identifier for each record. System-related information is stored in SYSTEM and SYSTEMDESCRIPTION, while financial and business attributes include PRIN, AGENT, BONUS_STRATEGY, and ENTITY. Audit fields such as LOAD_DATE and LOADED_BY provide data lineage, accountability, and traceability. Overall, the table ensures consistent and reliable integration of business, financial, and system data."
30,DIMRAWPRODUCTMCC,"The DIMRAWPRODUCTMCC table stores raw product and service attribute information linked to specific reporting periods, identified by PERIODID and uniquely tracked by SPAKEY. It captures operational details such as SYSTEM, PRIN (principal amount), AGENT, and BONUS_STRATEGY, along with SYSTEMDESCRIPTION for contextual clarity. The ENTITY field identifies the customer, account, or organization associated with the record, ensuring accurate linkage of product data. Audit tracking is supported through LOAD_DATE, which records the system load timestamp, and LOADED_BY, which captures the user responsible for the load. This table is essential for analyzing service attributes, transaction systems, and associated account/agent strategies within reporting cycles."
31,DIMREPORTINGPERIOD,"The DIMREPORTINGPERIOD table defines reporting timelines, uniquely identified by REPORTINGPERIODKEY and detailed by the REPORTINGPERIOD value. It provides temporal attributes including MONTHNUMBER, MONTHNAME, CALENDARQUARTER, and CALENDARYEAR to support month-wise, quarterly, and yearly analysis. These fields enable flexible time-based reporting, trend analysis, and chronological organization of business data. Audit details are captured using LOAD_DATE (system load timestamp) and LOADED_BY (user responsible for loading). This table acts as the backbone for all time-dimensional reporting and ensures accurate alignment of data with specific reporting periods."
32,DIMREPRICINGINFORMATION,"The DIMREPRICINGINFORMATION table captures repricing details for products and accounts, uniquely identified by REPRICINGKEY and tied to a PERIODID (YYYYMM). It includes flags (APRDECREASEFLAG, APRINCREASEFLAG) with corresponding descriptions to track changes in Annual Percentage Rates. Additional fields like APRINCREASEREASONSEGMENT and APRDELTASEGMENT with their descriptions provide insights into the reasons and magnitude of APR adjustments. These attributes support detailed analysis of rate changes, their causes, and their financial impact. Audit details are maintained through LOAD_DATE (system load timestamp) and LOADED_BY (responsible user)."
33,DIMRISK,"The DIMRISK table stores information on risk assessment tied to a PERIODID (YYYYMM), with each record uniquely identified by RISKKEY. It includes classifications like ORIGINATIONRISKSCORESEGMENT and RISKSCORETHISCYCLESEGMENT with their descriptions to analyze risk at origination and during the current cycle. Granular segmentation fields (LEVEL1SEGMENTS) with detailed descriptions provide deeper insights into risk categorization. These attributes help monitor account risk profiles, trends, and changes across different periods. Audit details are tracked using LOAD_DATE (system timestamp) and LOADED_BY (responsible user)."
34,DIMROLEOFCARDSEGMENT,"The DIMROLEOFCARDSEGMENT table stores card usage role classifications for each PERIODID (YYYYMM), uniquely identified by ROLEOFCARDSEGMENTKEY. It captures roles such as primary cardholder or authorized user, providing segmentation to better analyze cardholder behavior. The ROLEOFCARDSEGMENTDESCRIPTION field explains the criteria defining each role segment. These attributes help in understanding and managing different roles tied to card usage across time periods. Audit metadata is maintained with LOAD_DATE (system timestamp) and LOADED_BY (responsible user)."
35,DIMSTATUS,"The DIMSTATUS table holds account status details for each PERIODID (YYYYMM), uniquely identified by STATUSKEY. It tracks the ACCOUNTSTATUS (e.g., active, inactive, closed) to monitor the lifecycle of accounts. The ACCOUNTSTATUSDESCRIPTION field provides deeper context about the meaning and implications of each status. This table is critical for managing and analyzing account activity and status transitions over time. Audit information is captured through LOAD_DATE (system date) and LOADED_BY (responsible user)."
36,DIMUPC8PRODUCT,"The DIMUPC8PRODUCT table stores product details for each PERIODID (YYYYMM), uniquely identified by UPC8_PRODUCTKEY. It contains the UPC8_PRODUCTCODE, representing the Universal Product Code used for product identification. The UPC8_PRODUCTDESCRIPTION provides details about product features and characteristics. This table is essential for managing and analyzing products in retail and inventory systems. Audit fields include LOAD_DATE (system load date) and LOADED_BY (responsible user)."
37,DIMUPC9AFFINITY,"The DIMUPC9AFFINITY table captures details of affinity programs for each reporting PERIODID (YYYYMM), uniquely identified by UPC9_AFFINITYKEY. It stores the UPC9_AFFINITYCODE, which links products or services to specific affinity groups. The UPC9_AFFINITYDESCRIPTION provides context about the affinity, including its characteristics and benefits. This table is important for analyzing products tied to customer affinity programs. Audit fields include LOAD_DATE (system load date) and LOADED_BY (responsible user)."
38,DIMWALLET,"The DIMWALLET table captures customer-level details related to digital wallets for each reporting PERIODID (YYYYMM), uniquely identified by WALLETKEY. It tracks mobile wallet adoption through MOBILEWALLETACTIVATEDSEGMENT and MOBILEWALLETACTIVATEDFLAG, indicating engagement with mobile payment features. Customer payment behavior is captured with PAYMENTINSTRUMENTSEGMENT and PAYMENTINSTRUMENT, reflecting preferences such as credit, debit, or digital wallets. A temporary field CASE1_TEMP supports intermediate data storage or processing needs. Audit fields include LOAD_DATE (system load date) and LOADED_BY (responsible user)."
39,FORECAST_PREDICTIVE_PRODUCT,The FORECAST_PREDICTIVE_PRODUCT table predicts the  Linear Trend and Seasonal Trend of Product Volume and Product Revenue each based on Month and Year for the next 12 months.
40,FACTACCOUNTSNAPSHOT_FINAL,"Core fact table capturing monthly financial and behavioral metrics of accounts to support detailed performance analysis, credit risk assessment, external status and revenue tracking."
41,forecast_predictive_spendandpay,"The forecast_predictive_spendandpay table predicts the  Linear Trend and Seasonal Trend of Payments and Spents each based on Month, Year and Region for the next 12 months."
42,forecast_predictive_cust_retention,"The FORECAST_PREDICTIVE_cust_retention table predicts the predicted Linear Trend and Seasonal Trend of Customers lost and Customers Retained each based on Month and Year for the next 12 months."
43,FACT_APPLICATION,"Stores detailed records of each mortgage application from submission through assessment."
44,FACT_DISBURSEMENT,"Captures all loan disbursement transactions including funded amounts and dates."
45,FACT_REPAYMENT,"Contains scheduled and actual repayment transactions for mortgage accounts."
46,DIM_CUSTOMER,"Provides customer demographic and identification details for mortgage applicants and borrowers."
47,DIM_LOAN_MASTER_2,"Holds core mortgage loan attributes including loan IDs, terms, limits, and interest details."
48,DIM_PROPERTY,"Contains property‑level information such as address, valuation, and security details."
49,DIM_PRODUCT,"Defines mortgage product types, features, pricing rules, and product classifications."
50,DIM_BRANCH,"Lists Pepper’s origination branches or channels involved in mortgage processing."
51,DIM_STATUS_REF,"Provides reference codes and descriptions for application, loan, and repayment statuses."
52,DIM_DATE,"Standard date dimension used as a calendar reference for all time‑based facts."
53,Business_Date,"Stores the business processing date used for reporting snapshots and daily batch runs."
54,FACT_REPAYMENT_BKP,"Contains scheduled and actual repayment transactions for mortgage accounts."
55,businessdate,A reference table used to track and manage specific business and processing dates for reporting alignment.
56,dimcities,A dimension table containing geographic city data linked to states to enable regional loan analysis.
57,dimcreditassessors,A dimension table storing details of the internal officers or systems responsible for approving loan applications.
58,dimdealers,A dimension table containing information about the vehicle dealerships where the loans originated.
59,diminsurancetypes,A lookup table defining the various insurance products associated with the vehicle loans.
60,dimstates,A dimension table providing standardized names and codes for states where business is conducted.
61,dimvehicletypes,A classification table categorizing vehicles into segments such as Sedans SUVs or Trucks.
62,fact_vehicle_loan_tbl,The primary transaction table containing loan-level metrics including amounts valuations and status.
63,vehiclemodels,A dimension table providing specific vehicle model details categorized by their respective vehicle types.
64,fact_financial_events,A fact table which is the unified source of truth for analyzing church financial health and decision readiness.